{ "custom": "False", "id": "7212697", "port": "22", "audit": "Audit.6447", "vuln": "Vuln.78683", "protocol": "tcp", "host": "Host.642468", "scanTime": "1441203111", "score": "3", "scap": "False", "packet": "Packet.794", "detailBody": "34234", "detailDigest": "1234", "rule": "Rule.794384", "VulnDetail" : { "id": "78683", "timestamp": "1367959994", "cve": "['CVE.25948']", "private": "False", "ontologyModule": "1", "date": "2006-01-01", "solution": "Solution.6", "priority": "0", "risk": "Risk.5", "type": "Type.4", "strategy": "Strategy.8", "application": "", "skill": "Skill.9", "name": "SSH RC4 Cipher Enabled", "deleted": "False", "description": "DESCRIPTION:The arcfour cipher is considered to be flawed.:SOLUTION:Disable the arcfour cipher.", }, "hostDetail" : { "vulnerabilities": "5", "netbiosName": "", "id": "642468", "os": "OS.8", "portSignature": "1234", "audit": "Audit.6447", "domainName": "", "tarpit": "False", "customer": "Customer.1", "osFprint": "/", "timeStamp": "1441203111", "ifaceMacAddress": "", "network": "Network.151", "hostScore": "3", "ipAddress": "10.20.30.40", "name": "myhostname.domain.com", "customScore": "0", "macAddress": "", }, "osDetail" : { "isRouter": "False", "parent": "", "id": "8", "name": "Unix Variant", "ontologyModule": "OntologyModule.1", } }
